https://www.basketusa.com/;13831
http://www.sofoot.com/;17017
http://www.parlerdamour.fr/;20354
https://www.paroles-musique.com/;22220
http://www.canalturf.com//;31204
http://www.atlantico.fr/;32252
https://www.butfootballclub.fr/;34824
https://www.causeur.fr/;56022
http://www.envertetcontretous.fr/;65274
http://www.culturepsg.com/;78551
https://www.astuces-pratiques.fr/;81397
https://www.bananalotto.fr/signup.php;87310
http://www.niooz.fr/;87579
http://meilleurpronostic.com/;102224
https://www.ledirect.fr/;104168
http://south-park-tv.eu/;109641
https://www.kingoloto.com/signup.php;110383
https://seriesaddict.fr/;112787
https://www.spotern.com/;120442
http://www.pblv-plusbellelavie.fr/;124410
https://www.popnsport.com/;134104
http://www.vipsg.fr/;163387
http://www.jazzradio.fr/;176218
http://letocard.fr/;176359
http://www.parisfans.fr/;179890
https://www.13or-du-hiphop.fr/;186010
http://www.wii-info.fr/;187488
https://www.justacote.com/;193434
http://web-emulation.com/;193585
http://www.air-journal.fr/;207594
http://mradio.fr/;212489
http://www.blog-rct.com/;223823
http://www.methodemaths.fr/;227488
http://breakforbuzz.com/;235050
http://labibledesastuces.com/;239231
http://radiozone26.com/;239515
http://www.generateur-pseudo.com/;240602
https://www.buzzsport.fr/;245812
http://aidefamille.fr/;254449
http://aupetitparieur.com/;260570
http://www.challengevelo.com/;271537
http://www.commentfaiton.com/;271911
https://www.footlegende.fr/;281530
http://astucito.com/;282091
https://www.zataz.com/;283381
https://www.welovetennis.fr/;287832
http://www.cyclismactu.net/;295713
http://alloemploi.fr/;325376
http://nuitsansfolie.com/;348146
http://generations.fr/;358984
https://cultureveille.fr/;368195
http://masilia2007.fr/;378486
https://drolesdimages.fr/;394427
http://jeuxvideomobile.com/;395485
https://olitech.fr/;399039
http://www.catch-arena.com/;442868
http://www.series-80.net/;498498
http://www.morandinisante.com/;517896
http://pariziens.fr/;518761
http://psgcommunity.com/;714236
http://www.bianoti.com/;785215
https://www.cadre-dirigeant-magazine.com/;899112
https://www.mmadeferlante.com/;901906
http://albumrock.net/;1098389
http://www.radioespace.com/;1104229
http://www.ps3-infos.fr/;1145874
http://www.actusports.fr/;1174328
http://www.magiclitchi.eu/;1240882
http://www.prixdestimbres.fr/;1265455
http://www.effronte.fr/;1277093
https://www.foot-lyon.com/;1279862
http://superpoire.eu/;1293645
http://wonderbanane.eu/;1308435
http://wenty.fr/;1311369
http://lagrinta.fr/;1349144
http://wii-attitude.fr/;1366626
http://www.magickiwi.eu/;1391497
http://www.psvita-info.fr/;1520577
http://www.magicmelon.eu/;1545792
http://ecolesprimaires.fr/;1654595
http://www.iphone-info.fr/;1774649
http://www.xbox-info.fr/;1857485
https://www.freebox-tv.com/;1861014
http://www.apidjan.net/;1937471
https://www.sosmalware.com/;1962607
http://www.family-deal.com/;2007744
http://www.petitjournal.fr/;2329457
http://www.space-blogs.net/;2521764
http://www.buzzinbox.fr/;2820385
http://ecoleconduite.fr/;2827073
http://www.sportxtrem.com/;2855659
https://getdarker.com/;2961995
http://www.ragecomic.fr/;2980824
http://www.cyclismactu.tv/;2989659
http://www.odsradio.com/;3124487
http://www.lejournaldunumerique.com/;3168569
http://www.magicprune.eu/;3248927
http://www.memecenter.fr/;3312803
https://www.lapausegentlemale.fr/;3333296
http://www.myadrenaline.tv/;3369524
http://www.laradioplus.com/;3395512
http://www.space-blogs.com/;3432291
https://www.mariage-lorraine.fr/;3460946
https://les-pingouins.com/;3579814
http://guinchez.com/;3932774
http://aide-vacances.com/;3953864
http://www.a-watch.fr/;4258464
http://stationessence.com/;4418421
http://www.coaching-formations.com/;4473035
http://www.agence-de-mannequin.fr/;4677160
https://sharknews.fr/;4684898
http://www.lyonfemmes.com/;5089526
https://capsud.net/;5092673
http://www.buzzpost.fr/;5096267
http://www.freeapplestore.net/;5303898
https://www.droid-appli.com/;5397400
http://www.petanquevideos.com/;5439791
https://www.ekonomico.fr/;5566349
http://babysitting-paris.com/;5616026
http://www.beekoz.fr/;5641710
http://www.lyonclubbing.com/;5720026
http://www.petanque-apprentissage.com/;5937889
http://zone-femme.com/;6090386
http://www.pas-de-la-case.info/;6363944
http://lapicorne.com/;6802698
http://mixzouk.com/en/;6831315
https://glandouille.fr/;6995988
http://www.magicframboise.eu/;7026038
http://www.non-stop-politique.fr/;7172520
http://www.letunizien.com/;7482456
https://www.drapeaurouge.fr/;7490790
http://viralypeople.com/;7529987
http://mortal-kombat.fr/;7553146
http://dico-en-ligne.com/;7588035
http://guidevie.com/index.php/fr/;7703198
http://www.bamboumag.com/;8441362
http://www.fragger.fr/;8444075
http://www.klasmag.com/;8853218
http://foudu.net/;8955335
http://spareofficial.com/;9064067
http://www.allo-opticien.fr/;9065037
http://lebonquizz.com/;9145074
http://www.latelierdeladeco.com/;9208694
http://www.geogir.fr/;9346245
http://www.intelligence-info.com/;9820226
http://batcourgette.eu/;10283095
http://lisablabla.com/;10719670
http://www.buzzseconde.com/;10812405
http://www.reparation-gps.com/;10833311
http://mrkuro.com/;11124045
http://cerisemag.com/;11180524
http://gogobuzzy.com/;11291059
http://albatardz.com/;11382746
http://virilmag.com/;11435185
http://www.generationslyon.fr/;11445082
https://goneradio.com/;11598566
http://lecoindesbuzzs.com/;11963305
https://www.referencementgoogle.eu/;12131324
https://babysitting-lyon.com/;12960416
https://www.parlonschic.com/;13137693
http://www.rallyevidz.com/;13259135
https://mes-actus.com/;13466901
http://dutoutcuit.com/;13479077
http://lecoingeeks.com/;13694505
https://www.mediaizer.com/;15525274
http://consoweb.fr/;17524259
http://www.ithry.com/;19991655
http://www.uncadeaudesidees.fr/;22872260
http://powergoalsfootball.com/;25617332
http://quelbuzz.com/;26032458
http://commerces.com/;>30M
http://www.jeunesfooteux.com/;>30M
http://www.tennisactu.net/;>30M
http://allocpam.fr/;>30M
http://www.luxury-design.com/;>30M
http://info24.fr/;>30M
http://www.convertisseur-youtube.net/;>30M
http://www.evasion-culinaire.com/;>30M
https://www.lacanausurfinfo.com/;>30M
http://www.mobiles-actus.com/;>30M
http://www.photos-a-la-con.fr/;>30M
http://www.pariskop.fr/;>30M
http://annuaire-web-france.com/;>30M
https://www.pressmyweb.com/;>30M
http://www.wiiu-info.fr/;>30M
http://auto-occasion.fr/;>30M
https://www.blogpetanque.com/;>30M
http://www.avantage-chomage.com/;>30M
http://mlyon.fr/;>30M
http://www.leblogger.fr/;>30M
http://lettre-de-demission.net/;>30M
http://www.football-direct.com/;>30M
http://fetedujour.fr/;>30M
http://www.ps4-info.fr/;>30M
http://www.pubdigitale.fr/;>30M
http://allopmi.fr/;>30M
http://www.sport-actualite.eu/;>30M
https://recettesansfour.com/;>30M
http://tablettegraphique.pro/;>30M
http://metro-sports.fr/;>30M
http://www.virageradio.com/;>30M
http://www.annuaire-loisirs-creatifs.com/;>30M
http://www.radio-aviva.com/;>30M
https://www.rugbycleek.com/;>30M
http://anniew.com/;>30M
http://rugby-toulonnais.fr/;>30M
http://commentfaiton.fr/;>30M
http://case-exo.com/;>30M
http://artsixmic.org/;>30M
https://www.foot-paris.fr/;>30M
http://lmconsultformat.com/;>30M
http://foodandsens.com/;>30M
http://fantasmevsrealite.com/;>30M
http://jouer-jeu-gratuit.net/;>30M
http://net-litiges.com/;>30M
https://politiqart.com/;>30M
http://dztek.com/;>30M
http://les-news.info/;>30M
http://cuiziner.com/;>30M
http://www.gentise.com/;>30M
http://lecoindeco.com/;>30M
http://actu-gaming.com/;>30M
http://crank.fr/;>30M
http://brightonup.website/;>30M
http://cotepratique.com/;>30M
http://festivalsoundtrack.com/;>30M
http://lecoinrugby.com/;>30M
http://lecoinhippique.com/;>30M
https://www.scrub-mx.com/;>30M
http://www.max2fun.com/;>30M
http://addicte.style/;>30M
http://smileys-facebook.fr/;>30M
http://les-tatas.fr/;>30M
http://monobjetconnecte.eu/;>30M
http://www.tennisactu.tv/;>30M
http://santeglobe.com/;>30M
http://astu-maison.com/;>30M
http://astuces-beauty.com/;>30M
http://www.positiviz.com/;>30M
http://www.histoiresdunet.net/;>30M
http://zone-sante.fr/;>30M
http://spidercarotte.eu/;>30M
http://www.magicraisin.eu/;>30M
http://docteurcerise.eu/;>30M
http://www.magicpeche.eu/;>30M
http://ironconcombre.eu/;>30M
http://captainpatate.eu/;>30M
https://www.marseillefootball.fr/;>30M
https://www.lapauseinformelle.fr/;>30M
https://www.azee.fr/;>30M
http://breakinggames.fr/;>30M
http://etcasedit.fr/;>30M
http://www.histoiresdunet.fr/;>30M
http://www.iledefrancegta.fr/;>30M
http://infos.niooz.fr/;>30M
http://iphone.leblogger.fr/;>30M
http://people.actuzz.fr/;>30M
http://pfoot.fr/;>30M
http://series-tv.actuzz.fr/;>30M
http://durrantgs.tk/;>30M
